{ "_t" : "UnitConfigFactory", "list" : [{ "ID" : 1, "AttackRange" : 1.1000000238418579 }, { "ID" : 2, "AttackRange" : 0.60000002384185791 }] }